code_module,code_presentation,id_student,date_registration,date_unregistration
"AAA","2013J",50001,-21,
"AAA","2014J",50002,-124,58
"BBB","2013B",50003,-36,
"AAA","2013J",50004,-29,
"AAA","2014J",50005,-23,
"BBB","2013B",50006,?,
"AAA","2013J",50007,-124,
"AAA","2014J",50008,-121,134
"BBB","2013B",50009,-18,
"AAA","2013J",50010,-130,
"AAA","2014J",50011,-129,
"BBB","2013B",50012,-96,
"AAA","2013J",50013,-149,48
"AAA","2014J",50014,-125,
"BBB","2013B",50015,-132,71
"AAA","2013J",50016,-64,
"AAA","2014J",50017,-117,
"BBB","2013B",50018,-64,
"AAA","2013J",50019,-81,
"AAA","2014J",50020,-95,
"BBB","2013B",50021,-139,
"AAA","2013J",50022,-83,
"AAA","2014J",50023,-21,
"BBB","2013B",50024,-25,
"AAA","2014J",50001,-30,
