code_module,code_presentation,id_student,gender,region,highest_education,imd_band,age_band,num_of_prev_attempts,studied_credits,disability,final_result
"AAA","2013J",50001,"M","South Region","HE Qualification","10-20","55<=",0,120,"N","Distinction"
"AAA","2014J",50002,"M","North Western Region","Post Graduate Qualification","20-30%","55<=",0,120,"N","Withdrawn"
"BBB","2013B",50003,"M","Scotland","A Level or Equivalent","10-20","55<=",0,90,"N","Distinction"
"AAA","2013J",50004,"F","London Region","Post Graduate Qualification","90-100%","35-55",0,60,"N","Distinction"
"AAA","2014J",50005,"M","Scotland","Lower Than A Level","20-30%","55<=",0,90,"Y","Fail"
"BBB","2013B",50006,"M","Scotland","A Level or Equivalent","?","0-35",0,90,"N","Pass"
"AAA","2013J",50007,"M","East Anglian Region","A Level or Equivalent","70-80%","0-35",0,120,"N","Pass"
"AAA","2014J",50008,"F","Scotland","Lower Than A Level","50-60%","55<=",0,90,"N","Withdrawn"
"BBB","2013B",50009,"F","Scotland","No Formal quals","0-10%","55<=",0,60,"N","Pass"
"AAA","2013J",50010,"F","North Western Region","A Level or Equivalent","90-100%","35-55",0,120,"N","Distinction"
"AAA","2014J",50011,"M","South Region","Lower Than A Level","10-20","55<=",0,90,"Y","Fail"
"BBB","2013B",50012,"M","Wales","HE Qualification","80-90%","55<=",0,90,"N","Pass"
"AAA","2013J",50013,"M","London Region","A Level or Equivalent","80-90%","55<=",0,90,"N","Withdrawn"
"AAA","2014J",50014,"F","East Anglian Region","No Formal quals","0-10%","0-35",0,120,"N","Distinction"
"BBB","2013B",50015,"M","South Region","A Level or Equivalent","60-70%","0-35",0,90,"N","Withdrawn"
"AAA","2013J",50016,"F","South Region","A Level or Equivalent","?","0-35",0,90,"Y","Pass"
"AAA","2014J",50017,"M","East Anglian Region","HE Qualification","40-50%","35-55",0,60,"N","Pass"
"BBB","2013B",50018,"M","London Region","A Level or Equivalent","10-20","35-55",0,90,"N","Distinction"
"AAA","2013J",50019,"F","Wales","Lower Than A Level","80-90%","0-35",0,90,"N","Pass"
"AAA","2014J",50020,"F","East Anglian Region","Post Graduate Qualification","?","35-55",1,90,"N","Pass"
"BBB","2013B",50021,"M","Wales","Post Graduate Qualification","80-90%","55<=",0,60,"N","Pass"
"AAA","2013J",50022,"F","North Western Region","No Formal quals","?","0-35",0,60,"N","Pass"
"AAA","2014J",50023,"F","Scotland","Lower Than A Level","90-100%","55<=",0,60,"Y","Distinction"
"BBB","2013B",50024,"M","South Region","Post Graduate Qualification","80-90%","0-35",1,60,"N","Distinction"
"AAA","2014J",50001,"M","Scotland","HE Qualification","20-30%","35-55",1,60,"N","Pass"
