id_assessment,id_student,date_submitted,is_banked,score
1001,50001,17,0,81
1002,50001,52,0,58
1003,50001,37,0,92
1004,50001,114,0,69
1006,50002,16,0,33
1007,50002,57,0,93
1008,50002,42,0,83
1011,50003,22,0,62
1013,50003,37,0,81
1014,50003,119,0,90
1001,50004,20,0,99
1002,50004,55,0,83
1003,50004,37,0,77
1004,50004,115,0,94
1007,50005,57,0,42
1008,50005,42,0,78
1009,50005,116,0,54
1011,50006,21,0,89
1012,50006,51,0,63
1013,50006,43,0,98
1014,50006,120,0,85
1004,50007,117,0,?
1006,50008,20,0,86
1009,50008,114,0,45
1011,50009,21,0,69
1012,50009,54,0,67
1013,50009,40,0,69
1014,50009,114,0,56
1001,50010,21,0,67
1002,50010,51,0,94
1003,50010,38,0,96
1004,50010,117,0,79
1006,50011,16,0,41
1008,50011,44,0,43
1009,50011,116,0,95
1012,50012,56,0,92
1013,50012,37,0,63
1014,50012,120,0,84
1003,50013,37,0,96
1006,50014,23,0,59
1007,50014,54,0,93
1008,50014,44,0,89
1009,50014,118,0,88
1011,50015,17,0,63
1012,50015,53,0,71
1013,50015,40,0,84
1001,50016,21,0,60
1003,50016,43,0,56
1004,50016,115,0,87
1006,50017,20,0,98
1007,50017,58,0,87
1008,50017,39,0,58
1009,50017,115,0,56
1011,50018,18,0,72
1013,50018,41,0,65
1001,50019,20,0,?
1004,50019,121,0,87
1006,50020,18,0,100
1007,50020,53,0,58
1009,50020,116,0,82
1011,50021,16,0,83
1012,50021,56,0,90
1013,50021,40,0,74
1014,50021,120,0,?
1001,50022,16,0,92
1002,50022,54,0,95
1004,50022,120,0,64
1007,50023,54,0,56
1011,50024,17,0,59
1012,50024,55,0,85
1013,50024,40,0,70
1014,50024,121,0,84
